Ref,Qnty,Value,Cmp name,Footprint,Vendor,Description
"C1, C2",2,12pF,CAPACITOR_0402_N,Capacitor_SMD:C_0402_1005Metric,[YAGEO] CC0402FRNPO9BN120,Capacitor
"C3, C10, C12",3,1.0µF,CAPACITOR_0603_N,Capacitor_SMD:C_0603_1608Metric,[WALSIN] 0603B105K160CT,Capacitor
"C4, C5, C6, C7",4,10uF,CAPACITOR_0402_N,Capacitor_SMD:C_0603_1608Metric,[삼성전기] CL10A106KQ8NNNC,Capacitor
C8,1,4.7nF,CAPACITOR_0402_N,Capacitor_SMD:C_0402_1005Metric,[WALSIN] 칩세라믹 1005사이즈 4.7nF K급 50V,Capacitor
C9,1,2.2uF,CAPACITOR_0402_N,Capacitor_SMD:C_0603_1608Metric,[MURATA] GRM188R71A225KE15D,Capacitor
"C11, C13, C14, C15",4,0.1uF,CAPACITOR_0603_N,Capacitor_SMD:C_0603_1608Metric,[WALSIN] 0603B104K500CT,Light emitting diode
D1,1,L0603R,LED,LED_SMD:LED_0603_1608Metric,[LONGSUM(중국)] [LS-SP190SR34-5] 칩LED1608-빨강,Light emitting diode
D2,1,L0603O,LED,LED_SMD:LED_0603_1608Metric,[Nationstar] 칩LED 1608 주황 [FC-DA1608HOK-600H],Light emitting diode
D3,1,L0603Y,LED,LED_SMD:LED_0603_1608Metric,[HSUKWANG (중국)] [LS-SP190HY34-5] 칩LED1608-노랑,Light emitting diode
D4,1,L0603G,LED,LED_SMD:LED_0603_1608Metric,[HSUKWANG (중국)] [LS-SP190YG84-5] 칩LED1608-녹색,Light emitting diode
E1,1,MDBT42Q-512KV2,MDBT42Q-512KV2,MDBT42Q-512KV2:RAYTAC_MDBT42Q-512KV2,[Adafruit] nRF52832 Bluetooth Low Energy Module - MDBT42Q-512KV2,Nordic 52832 Module
IC1,1,NPM1100-QDAA-R,NPM1100-QDAA-R,NPM1100-QDAA:QFN50P400X400X90-25N-D,[NORDIC SEMICONDUCTOR] NPM1100-QDAA-R,Battery Management Extremely compact Power Management IC (PMIC) QFN
IC2,1,"TCK106AG,LF","TCK106AG,LF","TCK106AG,LF:BGA4C40P2X2_79X79X59","[TOSHIBA] TCK106AG,LF(S",Power Switch ICs - Power Distribution Load Switch IC 1.0 A Load Switch IC with Slew Rate Control Driver in Ultra Small Package
J2,1,USB4515-GF-A_REVA,USB4515-GF-A_REVA,USB4515-GF-A_REVA:GCT_USB4515-GF-A_REVA,[GCT (GLOBAL CONNECTOR TECHNOLOGY)] USB4515-GF-A,Type C USB Charging Connector
L1,1,15nH,INDUCTOR_0402_N,Capacitor_SMD:C_0402_1005Metric,[TDK] MLG1005S15NJT000,Inductor
L2,1,10µH,INDUCTOR_0603_N,Inductor_SMD:L_0603_1608Metric,[MURATA] LQM18FN100M00D,Inductor
L3,1,2.2µH,INDUCTOR_0603_N,LIB_1285AS-H-2R2M=P2:1285ASH1R0MP2,[MURATA] 1285AS-H-2R2M=P2,Inductor
Q1,1,DMC2400UV,DMC2400UV,DMC2400UV:SOTFL50P162X60-6N,[Diodes Incorporated] DMC2400UV-7,COMPLEMENTARY PAIR ENHANCEMENT MODE MOSFET
"Q2, Q3",2,FDV303N,FDV303N,FDV303N:SOT96P237X111-3N,[ONSEMI] FDV303N,"FDV303N N-Channel MOSFET, 680 mA, 25 V, 3-Pin SOT-23 ON Semiconductor"
R1,1,0,R,Resistor_SMD:R_0402_1005Metric,[TA-I] R1005-000J-0.0Ω,Resistor
R2,1,100,R,Resistor_SMD:R_0402_1005Metric,[TA-I] R1005-101J-100Ω,Resistor
"R3, R15",2,10k,R,Resistor_SMD:R_0402_1005Metric,[TA-I] R1005-103J-10KΩ,Resistor
"R4, R5, R8, R9, R11, R12, R22",7,1M,R,Resistor_SMD:R_0402_1005Metric,[TA-I] R1005-105J-1MΩ,Resistor
R6,1,1M5,R,Resistor_SMD:R_0402_1005Metric,[TA-I] R1005-155J-1.5MΩ,Resistor
R7,1,180k,R,Resistor_SMD:R_0402_1005Metric,[TA-I] R1005-1803F-180KΩ,Resistor
"R10, R17",2,150,R,Resistor_SMD:R_0402_1005Metric,[TA-I] R1005-1500F-150Ω,Resistor
R13,1,147k,R,Resistor_SMD:R_0402_1005Metric,[TA-I] R1005-1473F-147KΩ,Resistor
"R14, R16",2,10,R,Resistor_SMD:R_0402_1005Metric,[TA-I] R1005-100J-10Ω,Resistor
"R18, R19",2,4.7k,R,Resistor_SMD:R_0402_1005Metric,[TA-I] R1005-4701F-4.7KΩ,Resistor
"R20, R21",2,5.1k,R,Resistor_SMD:R_0402_1005Metric,[TA-I] R1005-5101F-5.1KΩ,Resistor
U3,1,LPV811DBV,LPV811DBV,Package_TO_SOT_SMD:SOT-23-5,[Texas Instruments] LPV811DBVR,"Single operational amplifier, 8kHz GBW, 425 nA/channel quiescent, 100 fA input bias, 300 uV offset max, 1 uV/C, SOT-23-5"
U4,1,LPV812DGK,LPV812DGK,Package_SO:VSSOP-8_3.0x3.0mm_P0.65mm,[Texas Instruments] LPV812DGKR,"Dual operational amplifier, 8kHz GBW, 425 nA/channel quiescent, 100 fA input bias, 300 uV offset max, 1 uV/C, VSSOP-8"
U5,1,BME680,BME680,Package_LGA:Bosch_LGA-8_3x3mm_P0.8mm_ClockwisePinNumbering,[Bosch Sensortec] BME680,"4-in-1 sensor, gas, humidity, pressure, temperature, I2C and SPI interface, 1.71-3.6V, LGA-8"
X1,1,32.768kHz,XTAL_32KHZ,Crystal:Crystal_SMD_3215-2Pin_3.2x1.5mm,[KYOCERA] ST3215 32.768KHz(SMD),Crystal Units Surface Mount Type
,,,,,,